<?xml version="1.0" encoding="UTF-8"?>
<metadata xml:lang="en"><Esri><CreaDate>20250626</CreaDate><CreaTime>18513400</CreaTime><ArcGISFormat>1.0</ArcGISFormat><SyncOnce>FALSE</SyncOnce><DataProperties><lineage><Process ToolSource="c:\program files (x86)\arcgis\desktop10.8\ArcToolbox\Toolboxes\Data Management Tools.tbx\CalculateField" Date="20221019" Time="161837">CalculateField Export_Output_5 company_n [CompanyDes] VB #</Process><Process ToolSource="c:\program files (x86)\arcgis\desktop10.8\ArcToolbox\Toolboxes\Data Management Tools.tbx\CalculateField" Date="20221115" Time="094608">CalculateField APP_LiDAR_companies bu "MUBA" VB #</Process><Process ToolSource="c:\program files (x86)\arcgis\desktop10.8\ArcToolbox\Toolboxes\Data Management Tools.tbx\CalculateField" Date="20221115" Time="094629">CalculateField APP_LiDAR_companies bu "PALEMBANG" VB #</Process><Process ToolSource="c:\program files (x86)\arcgis\desktop10.8\ArcToolbox\Toolboxes\Data Management Tools.tbx\CalculateField" Date="20221115" Time="094725">CalculateField APP_LiDAR_companies bu "KALTENG" VB #</Process><Process ToolSource="c:\program files (x86)\arcgis\desktop10.8\ArcToolbox\Toolboxes\Data Management Tools.tbx\CalculateField" Date="20221115" Time="094746">CalculateField APP_LiDAR_companies bu "KALTENG" VB #</Process><Process ToolSource="c:\program files (x86)\arcgis\desktop10.4\ArcToolbox\Toolboxes\Data Management Tools.tbx\CalculateField" Date="20230707" Time="091410">CalculateField concession_20221019 company_n [CompanyDes] VB #</Process><Process ToolSource="c:\program files (x86)\arcgis\desktop10.4\ArcToolbox\Toolboxes\Data Management Tools.tbx\CalculateField" Date="20230707" Time="093539">CalculateField concession_20221019 bu [remark] VB #</Process><Process ToolSource="c:\program files (x86)\arcgis\desktop10.4\ArcToolbox\Toolboxes\Data Management Tools.tbx\CalculateField" Date="20230707" Time="094105">CalculateField concession_20221019 CompanyDes [remark] VB #</Process><Process ToolSource="c:\program files (x86)\arcgis\desktop10.4\ArcToolbox\Toolboxes\Data Management Tools.tbx\CalculateField" Date="20230707" Time="095019">CalculateField concession_20221019 company_n "PT ARARA ABADI" VB #</Process><Process ToolSource="c:\program files (x86)\arcgis\desktop10.4\ArcToolbox\Toolboxes\Data Management Tools.tbx\CalculateField" Date="20230707" Time="095059">CalculateField concession_20221019 company_n "PT ARTELINDO WIRATAMA" VB #</Process><Process ToolSource="c:\program files (x86)\arcgis\desktop10.4\ArcToolbox\Toolboxes\Data Management Tools.tbx\CalculateField" Date="20230707" Time="095125">CalculateField concession_20221019 company_n "PT ASIA TANI PERSADA" VB #</Process><Process ToolSource="c:\program files (x86)\arcgis\desktop10.4\ArcToolbox\Toolboxes\Data Management Tools.tbx\CalculateField" Date="20230707" Time="095156">CalculateField concession_20221019 company_n "PT ACASIA ANDALAN UTAMA (SK 87)" VB #</Process><Process ToolSource="c:\program files (x86)\arcgis\desktop10.4\ArcToolbox\Toolboxes\Data Management Tools.tbx\CalculateField" Date="20230707" Time="095217">CalculateField concession_20221019 company_n "PT BUMI ANDALAS PERMAI" VB #</Process><Process ToolSource="c:\program files (x86)\arcgis\desktop10.4\ArcToolbox\Toolboxes\Data Management Tools.tbx\CalculateField" Date="20230707" Time="095239">CalculateField concession_20221019 company_n "PT BINA DAYA BENTALA" VB #</Process><Process ToolSource="c:\program files (x86)\arcgis\desktop10.4\ArcToolbox\Toolboxes\Data Management Tools.tbx\CalculateField" Date="20230707" Time="095306">CalculateField concession_20221019 company_n "PT BINA DUTA LAKSANA" VB #</Process><Process ToolSource="c:\program files (x86)\arcgis\desktop10.4\ArcToolbox\Toolboxes\Data Management Tools.tbx\CalculateField" Date="20230707" Time="095456">CalculateField concession_20221019 company_n "PT BUMI MEKAR HIJAU" VB #</Process><Process ToolSource="c:\program files (x86)\arcgis\desktop10.4\ArcToolbox\Toolboxes\Data Management Tools.tbx\CalculateField" Date="20230707" Time="095646">CalculateField concession_20221019 company_n "PT BANGUN RIMBA SEJAHTERA" VB #</Process><Process ToolSource="c:\program files (x86)\arcgis\desktop10.4\ArcToolbox\Toolboxes\Data Management Tools.tbx\CalculateField" Date="20230707" Time="095707">CalculateField concession_20221019 company_n "PT CIPTA MAS BUMI SUBUR" VB #</Process><Process ToolSource="c:\program files (x86)\arcgis\desktop10.4\ArcToolbox\Toolboxes\Data Management Tools.tbx\CalculateField" Date="20230707" Time="095737">CalculateField concession_20221019 company_n "PT DAYA TANI KALBAR" VB #</Process><Process ToolSource="c:\program files (x86)\arcgis\desktop10.4\ArcToolbox\Toolboxes\Data Management Tools.tbx\CalculateField" Date="20230707" Time="095814">CalculateField concession_20221019 company_n "PT FINNANTARA INTIGA" VB #</Process><Process ToolSource="c:\program files (x86)\arcgis\desktop10.4\ArcToolbox\Toolboxes\Data Management Tools.tbx\CalculateField" Date="20230707" Time="095904">CalculateField concession_20221019 company_n "PT KALIMANTAN SUBUR PERMAI" VB #</Process><Process ToolSource="c:\program files (x86)\arcgis\desktop10.4\ArcToolbox\Toolboxes\Data Management Tools.tbx\CalculateField" Date="20230707" Time="100841">CalculateField concession_20221019 company_n "PT SATRIA PERKASA AGUNG (SK 244)" VB #</Process><Process ToolSource="c:\program files (x86)\arcgis\desktop10.4\ArcToolbox\Toolboxes\Data Management Tools.tbx\CalculateField" Date="20230707" Time="101039">CalculateField concession_20221019 company_n "PT WIRA KARYA SAKTI" VB #</Process><Process ToolSource="c:\program files (x86)\arcgis\desktop10.8\ArcToolbox\Toolboxes\Conversion Tools.tbx\FeatureClassToFeatureClass" Date="20231227" Time="162042">FeatureClassToFeatureClass D:\Share_3563\Konsesi\concession_20230707.shp\concession_20230707.shp D:\Share_3563\Konsesi\Batas_Konsesi.gdb concession_20230707 # "bu "bu" true true false 50 Text 0 0 ,First,#,D:\Share_3563\Konsesi\concession_20230707.shp\concession_20230707.shp,bu,-1,-1;district "district" true true false 3 Text 0 0 ,First,#,D:\Share_3563\Konsesi\concession_20230707.shp\concession_20230707.shp,district,-1,-1;company "company" true true false 2 Text 0 0 ,First,#,D:\Share_3563\Konsesi\concession_20230707.shp\concession_20230707.shp,company,-1,-1;CompanyCod "CompanyCod" true true false 2 Text 0 0 ,First,#,D:\Share_3563\Konsesi\concession_20230707.shp\concession_20230707.shp,CompanyCod,-1,-1;CompanyDes "CompanyDes" true true false 50 Text 0 0 ,First,#,D:\Share_3563\Konsesi\concession_20230707.shp\concession_20230707.shp,CompanyDes,-1,-1;company_n "company_n" true true false 50 Text 0 0 ,First,#,D:\Share_3563\Konsesi\concession_20230707.shp\concession_20230707.shp,company_n,-1,-1;remark "remark" true true false 50 Text 0 0 ,First,#,D:\Share_3563\Konsesi\concession_20230707.shp\concession_20230707.shp,remark,-1,-1;district_n "district_n" true true false 50 Text 0 0 ,First,#,D:\Share_3563\Konsesi\concession_20230707.shp\concession_20230707.shp,district_n,-1,-1;Luas_ha "Luas_ha" true true false 19 Double 0 0 ,First,#,D:\Share_3563\Konsesi\concession_20230707.shp\concession_20230707.shp,Luas_ha,-1,-1;Luas_SK "Luas_SK" true true false 19 Double 0 0 ,First,#,D:\Share_3563\Konsesi\concession_20230707.shp\concession_20230707.shp,Luas_SK,-1,-1" #</Process><Process ToolSource="c:\program files (x86)\arcgis\desktop10.8\ArcToolbox\Toolboxes\Data Management Tools.tbx\CalculateField" Date="20240104" Time="212024">CalculateField "Batas Konsesi" UMH "UMH40" VB #</Process><Process ToolSource="c:\program files (x86)\arcgis\desktop10.8\ArcToolbox\Toolboxes\Data Management Tools.tbx\CalculateField" Date="20240104" Time="212133">CalculateField "Batas Konsesi" UMH "Other" VB #</Process><Process ToolSource="c:\program files (x86)\arcgis\desktop10.8\ArcToolbox\Toolboxes\Data Management Tools.tbx\DefineProjection" Date="20240109" Time="141634">DefineProjection concession_20230707 GEOGCS['GCS_WGS_1984',DATUM['D_WGS_1984',SPHEROID['WGS_1984',6378137.0,298.257223563]],PRIMEM['Greenwich',0.0],UNIT['Degree',0.0174532925199433]]</Process><Process ToolSource="c:\program files (x86)\arcgis\desktop10.8\ArcToolbox\Toolboxes\Conversion Tools.tbx\FeatureClassToFeatureClass" Date="20241113" Time="154506">FeatureClassToFeatureClass concession_20230707 "D:\Share_3563\Eksternal\Tata Batas\Konsesi\Update Batas Konsesi.gdb" Update_Batas_Konsesi # "bu "bu" true true false 50 Text 0 0 ,First,#,concession_20230707,bu,-1,-1;district "district" true true false 3 Text 0 0 ,First,#,concession_20230707,district,-1,-1;company "company" true true false 2 Text 0 0 ,First,#,concession_20230707,company,-1,-1;CompanyCod "CompanyCod" true true false 2 Text 0 0 ,First,#,concession_20230707,CompanyCod,-1,-1;CompanyDes "CompanyDes" true true false 50 Text 0 0 ,First,#,concession_20230707,CompanyDes,-1,-1;company_n "company_n" true true false 50 Text 0 0 ,First,#,concession_20230707,company_n,-1,-1;remark "remark" true true false 50 Text 0 0 ,First,#,concession_20230707,remark,-1,-1;district_n "district_n" true true false 50 Text 0 0 ,First,#,concession_20230707,district_n,-1,-1;Luas_ha "Luas_ha" true true false 8 Double 0 0 ,First,#,concession_20230707,Luas_ha,-1,-1;Luas_SK "Luas_SK" true true false 8 Double 0 0 ,First,#,concession_20230707,Luas_SK,-1,-1;Shape_Length "Shape_Length" false true true 8 Double 0 0 ,First,#,concession_20230707,Shape_Length,-1,-1;Shape_Area "Shape_Area" false true true 8 Double 0 0 ,First,#,concession_20230707,Shape_Area,-1,-1;UMH "UMH" true true false 50 Text 0 0 ,First,#,concession_20230707,UMH,-1,-1;SK_TBT "SK_TBT" true true false 50 Text 0 0 ,First,#,concession_20230707,SK_TBT,-1,-1" #</Process><Process ToolSource="c:\program files (x86)\arcgis\desktop10.8\ArcToolbox\Toolboxes\Data Management Tools.tbx\CalculateField" Date="20241113" Time="155707">CalculateField Update_Batas_Konsesi No_Laporan_TBT "LP.16/BPKH II/PKH/PLA.2/5/2020" VB #</Process><Process ToolSource="c:\program files (x86)\arcgis\desktop10.8\ArcToolbox\Toolboxes\Data Management Tools.tbx\CalculateField" Date="20241113" Time="155803">CalculateField Update_Batas_Konsesi Tgl_Laporan_TBT "20 Juli 2020" VB #</Process><Process ToolSource="c:\program files (x86)\arcgis\desktop10.8\ArcToolbox\Toolboxes\Data Management Tools.tbx\CalculateField" Date="20241113" Time="160140">CalculateField Update_Batas_Konsesi SK_TBT "SK.1155/MENLHK/SETJEN/HPL.2/11/2022" VB #</Process><Process ToolSource="c:\program files (x86)\arcgis\desktop10.8\ArcToolbox\Toolboxes\Data Management Tools.tbx\CalculateField" Date="20241113" Time="160858">CalculateField Update_Batas_Konsesi Company_Code [CompanyCod] VB #</Process><Process ToolSource="c:\program files (x86)\arcgis\desktop10.8\ArcToolbox\Toolboxes\Data Management Tools.tbx\CalculateField" Date="20241113" Time="160906">CalculateField Update_Batas_Konsesi Company_Description [CompanyDes] VB #</Process><Process ToolSource="c:\program files (x86)\arcgis\desktop10.8\ArcToolbox\Toolboxes\Data Management Tools.tbx\CalculateField" Date="20241113" Time="160914">CalculateField Update_Batas_Konsesi Company_Name [company_n] VB #</Process><Process ToolSource="c:\program files (x86)\arcgis\desktop10.8\ArcToolbox\Toolboxes\Data Management Tools.tbx\CalculateField" Date="20241113" Time="160923">CalculateField Update_Batas_Konsesi Remarks [remark] VB #</Process><Process ToolSource="c:\program files (x86)\arcgis\desktop10.8\ArcToolbox\Toolboxes\Data Management Tools.tbx\CalculateField" Date="20241113" Time="160932">CalculateField Update_Batas_Konsesi District_Name [district_n] VB #</Process><Process ToolSource="c:\program files (x86)\arcgis\desktop10.8\ArcToolbox\Toolboxes\Data Management Tools.tbx\CalculateField" Date="20241113" Time="160958">CalculateField Update_Batas_Konsesi SK_Penetapan_Batas_Konsesi [SK_TBT] VB #</Process><Process ToolSource="c:\program files (x86)\arcgis\desktop10.8\ArcToolbox\Toolboxes\Data Management Tools.tbx\CalculateField" Date="20241113" Time="161012">CalculateField Update_Batas_Konsesi Nomor_Laporan_TBT [No_Laporan_TBT] VB #</Process><Process ToolSource="c:\program files (x86)\arcgis\desktop10.8\ArcToolbox\Toolboxes\Data Management Tools.tbx\CalculateField" Date="20241113" Time="161019">CalculateField Update_Batas_Konsesi Tanggal_Laporan_TBT [Tgl_Laporan_TBT] VB #</Process><Process ToolSource="c:\program files (x86)\arcgis\desktop10.8\ArcToolbox\Toolboxes\Data Management Tools.tbx\CalculateField" Date="20241114" Time="114148">CalculateField Update_Batas_Konsesi SK_IUPHHK "SK.743/Kpts-II/1996" VB #</Process><Process ToolSource="c:\program files (x86)\arcgis\desktop10.8\ArcToolbox\Toolboxes\Data Management Tools.tbx\CalculateField" Date="20241114" Time="114223">CalculateField Update_Batas_Konsesi Luas_SK "299.975" VB #</Process><Process ToolSource="c:\program files (x86)\arcgis\desktop10.8\ArcToolbox\Toolboxes\Data Management Tools.tbx\CalculateField" Date="20241114" Time="114235">CalculateField Update_Batas_Konsesi Luas_SK "299975" VB #</Process><Process ToolSource="c:\program files (x86)\arcgis\desktop10.8\ArcToolbox\Toolboxes\Data Management Tools.tbx\CalculateField" Date="20241114" Time="134406">CalculateField Update_Batas_Konsesi SK_PBPH "SK.1131/MENLHK/SETJEN/HPL.2/11/2022" VB #</Process><Process ToolSource="c:\program files (x86)\arcgis\desktop10.8\ArcToolbox\Toolboxes\Data Management Tools.tbx\CalculateField" Date="20241114" Time="134420">CalculateField Update_Batas_Konsesi Luas_SKTBT "296.164" VB #</Process><Process ToolSource="c:\program files (x86)\arcgis\desktop10.8\ArcToolbox\Toolboxes\Data Management Tools.tbx\CalculateField" Date="20241114" Time="134430">CalculateField Update_Batas_Konsesi Luas_SKTBT "296164" VB #</Process><Process ToolSource="c:\program files (x86)\arcgis\desktop10.8\ArcToolbox\Toolboxes\Data Management Tools.tbx\CalculateField" Date="20241114" Time="134610">CalculateField Update_Batas_Konsesi SK_PBPH "SK.594/MENLHK/SETJEN/HPL.3/9/2021" VB #</Process><Process ToolSource="c:\program files (x86)\arcgis\desktop10.8\ArcToolbox\Toolboxes\Data Management Tools.tbx\CalculateField" Date="20241114" Time="134619">CalculateField Update_Batas_Konsesi Luas_SKTBT "57235" VB #</Process><Process ToolSource="c:\program files (x86)\arcgis\desktop10.8\ArcToolbox\Toolboxes\Data Management Tools.tbx\CalculateField" Date="20241114" Time="135219">CalculateField Update_Batas_Konsesi SK_PBPH "SK.1041/Menlhk/Setjen/HPL.0/11/2021" VB #</Process><Process ToolSource="c:\program files (x86)\arcgis\desktop10.8\ArcToolbox\Toolboxes\Data Management Tools.tbx\CalculateField" Date="20241114" Time="135232">CalculateField Update_Batas_Konsesi Luas_SKTBT "299700" VB #</Process><Process ToolSource="c:\program files (x86)\arcgis\desktop10.8\ArcToolbox\Toolboxes\Data Management Tools.tbx\CalculateField" Date="20241224" Time="103332">CalculateField Update_Batas_Konsesi UMH "New Area" VB #</Process><Process ToolSource="c:\program files (x86)\arcgis\desktop10.8\ArcToolbox\Toolboxes\Data Management Tools.tbx\CalculateField" Date="20241224" Time="103400">CalculateField Update_Batas_Konsesi UMH "Other" VB #</Process><Process ToolSource="c:\program files (x86)\arcgis\desktop10.8\ArcToolbox\Toolboxes\Data Management Tools.tbx\CalculateField" Date="20241224" Time="103651">CalculateField Update_Batas_Konsesi UMH "Other" VB #</Process><Process ToolSource="c:\program files (x86)\arcgis\desktop10.8\ArcToolbox\Toolboxes\Data Management Tools.tbx\CalculateField" Date="20241224" Time="135217">CalculateField Update_Batas_Konsesi Company_Description "Kaltim Evergreen" VB #</Process><Process ToolSource="c:\program files (x86)\arcgis\desktop10.8\ArcToolbox\Toolboxes\Data Management Tools.tbx\CalculateField" Date="20241224" Time="135225">CalculateField Update_Batas_Konsesi Remarks "Kaltim Evergreen" VB #</Process><Process ToolSource="c:\program files (x86)\arcgis\desktop10.8\ArcToolbox\Toolboxes\Data Management Tools.tbx\CalculateField" Date="20241224" Time="140356">CalculateField Update_Batas_Konsesi UMH "New Area" VB #</Process><Process ToolSource="c:\program files (x86)\arcgis\desktop10.8\ArcToolbox\Toolboxes\Data Management Tools.tbx\CalculateField" Date="20250131" Time="221244">CalculateField Update_Batas_Konsesi bu "MUBA" VB #</Process><Process ToolSource="c:\program files (x86)\arcgis\desktop10.8\ArcToolbox\Toolboxes\Data Management Tools.tbx\CalculateField" Date="20250131" Time="221255">CalculateField Update_Batas_Konsesi bu "KALTENG" VB #</Process><Process ToolSource="c:\program files (x86)\arcgis\desktop10.8\ArcToolbox\Toolboxes\Data Management Tools.tbx\CalculateField" Date="20250228" Time="053039">CalculateField Update_Batas_Konsesi UMH "UMH42" VB #</Process><Process ToolSource="c:\program files (x86)\arcgis\desktop10.8\ArcToolbox\Toolboxes\Data Management Tools.tbx\Dissolve" Date="20250228" Time="053342">Dissolve Update_Batas_Konsesi "C:\DATA PMD\Eksternal\Konsesi\UMH42.gdb\UMH42" Company_Code;Company_Description # MULTI_PART DISSOLVE_LINES</Process><Process ToolSource="c:\program files (x86)\arcgis\desktop10.4\ArcToolbox\Toolboxes\Data Management Tools.tbx\CalculateField" Date="20250228" Time="192049">CalculateField UMH42 Keterangan 2025 VB #</Process><Process ToolSource="c:\program files (x86)\arcgis\desktop10.8\ArcToolbox\Toolboxes\Data Management Tools.tbx\CalculateField" Date="20250328" Time="095308">CalculateField Batas_42_UMH_2025 UMH [Company_De] VB #</Process><Process ToolSource="c:\program files (x86)\arcgis\desktop10.8\ArcToolbox\Toolboxes\Data Management Tools.tbx\CalculateField" Date="20250612" Time="204201">CalculateField BATAS_40_UMH REGION "Jambi" VB #</Process><Process ToolSource="c:\program files (x86)\arcgis\desktop10.8\ArcToolbox\Toolboxes\Data Management Tools.tbx\CalculateField" Date="20250612" Time="204327">CalculateField BATAS_40_UMH REGION "Kalimantan Barat" VB #</Process><Process ToolSource="c:\program files (x86)\arcgis\desktop10.8\ArcToolbox\Toolboxes\Data Management Tools.tbx\CalculateField" Date="20250612" Time="204404">CalculateField BATAS_40_UMH REGION "Kalimantan Timur" VB #</Process><Process ToolSource="c:\program files (x86)\arcgis\desktop10.8\ArcToolbox\Toolboxes\Data Management Tools.tbx\CalculateField" Date="20250612" Time="204439">CalculateField BATAS_40_UMH REGION "Muba" VB #</Process><Process ToolSource="c:\program files (x86)\arcgis\desktop10.8\ArcToolbox\Toolboxes\Data Management Tools.tbx\CalculateField" Date="20250612" Time="204508">CalculateField BATAS_40_UMH REGION "OKI" VB #</Process><Process ToolSource="c:\program files (x86)\arcgis\desktop10.8\ArcToolbox\Toolboxes\Data Management Tools.tbx\CalculateField" Date="20250612" Time="205057">CalculateField BATAS_40_UMH REGION "Riau" VB #</Process><Process ToolSource="c:\program files (x86)\arcgis\desktop10.8\ArcToolbox\Toolboxes\Data Management Tools.tbx\CalculateField" Date="20250626" Time="185300">CalculateField UMH UMH2 [UMH] VB #</Process><Process ToolSource="c:\program files (x86)\arcgis\desktop10.8\ArcToolbox\Toolboxes\Data Management Tools.tbx\CalculateField" Date="20250626" Time="185323">CalculateField UMH UMH [UMH2] VB #</Process><Process ToolSource="c:\program files (x86)\arcgis\desktop10.8\ArcToolbox\Toolboxes\Data Management Tools.tbx\CalculateField" Date="20250626" Time="185348">CalculateField UMH ID [Company_Co] VB #</Process></lineage><itemProps><itemName Sync="TRUE">UMH42</itemName><imsContentType Sync="TRUE">002</imsContentType><itemLocation><linkage Sync="TRUE">file://\\JKTNB10-1612\C$\DATA PMD\Eksternal\Konsesi\UMH42.gdb</linkage><protocol Sync="TRUE">Local Area Network</protocol></itemLocation></itemProps><coordRef><type Sync="TRUE">Geographic</type><geogcsn Sync="TRUE">GCS_WGS_1984</geogcsn><csUnits Sync="TRUE">Angular Unit: Degree (0.017453)</csUnits><peXml Sync="TRUE">&lt;GeographicCoordinateSystem xsi:type='typens:GeographicCoordinateSystem' xmlns:xsi='http://www.w3.org/2001/XMLSchema-instance' xmlns:xs='http://www.w3.org/2001/XMLSchema' xmlns:typens='http://www.esri.com/schemas/ArcGIS/10.8'&gt;&lt;WKT&gt;GEOGCS[&amp;quot;GCS_WGS_1984&amp;quot;,DATUM[&amp;quot;D_WGS_1984&amp;quot;,SPHEROID[&amp;quot;WGS_1984&amp;quot;,6378137.0,298.257223563]],PRIMEM[&amp;quot;Greenwich&amp;quot;,0.0],UNIT[&amp;quot;Degree&amp;quot;,0.0174532925199433],AUTHORITY[&amp;quot;EPSG&amp;quot;,4326]]&lt;/WKT&gt;&lt;XOrigin&gt;100.42246974407506&lt;/XOrigin&gt;&lt;YOrigin&gt;-4.1368573660788739&lt;/YOrigin&gt;&lt;XYScale&gt;518294741310610.31&lt;/XYScale&gt;&lt;ZOrigin&gt;-100000&lt;/ZOrigin&gt;&lt;ZScale&gt;10000&lt;/ZScale&gt;&lt;MOrigin&gt;-100000&lt;/MOrigin&gt;&lt;MScale&gt;10000&lt;/MScale&gt;&lt;XYTolerance&gt;8.983152841195215e-09&lt;/XYTolerance&gt;&lt;ZTolerance&gt;0.001&lt;/ZTolerance&gt;&lt;MTolerance&gt;0.001&lt;/MTolerance&gt;&lt;HighPrecision&gt;true&lt;/HighPrecision&gt;&lt;LeftLongitude&gt;-180&lt;/LeftLongitude&gt;&lt;WKID&gt;4326&lt;/WKID&gt;&lt;LatestWKID&gt;4326&lt;/LatestWKID&gt;&lt;/GeographicCoordinateSystem&gt;</peXml></coordRef></DataProperties><SyncDate>20250228</SyncDate><SyncTime>05334100</SyncTime><ModDate>20250228</ModDate><ModTime>05334100</ModTime><ArcGISstyle>FGDC CSDGM Metadata</ArcGISstyle></Esri><dataIdInfo><envirDesc Sync="TRUE"> Version 6.2 (Build 9200) ; Esri ArcGIS 10.8.1.14362</envirDesc><dataLang><languageCode value="eng" Sync="TRUE"></languageCode><countryCode value="IDN" Sync="TRUE"></countryCode></dataLang><idCitation><resTitle Sync="TRUE">UMH42</resTitle><presForm><PresFormCd value="005" Sync="TRUE"></PresFormCd></presForm></idCitation><spatRpType><SpatRepTypCd value="001" Sync="TRUE"></SpatRepTypCd></spatRpType></dataIdInfo><mdLang><languageCode value="eng" Sync="TRUE"></languageCode><countryCode value="IDN" Sync="TRUE"></countryCode></mdLang><distInfo><distFormat><formatName Sync="TRUE">File Geodatabase Feature Class</formatName></distFormat></distInfo><mdHrLv><ScopeCd value="005" Sync="TRUE"></ScopeCd></mdHrLv><mdHrLvName Sync="TRUE">dataset</mdHrLvName><spatRepInfo><VectSpatRep><geometObjs Name="UMH42"><geoObjTyp><GeoObjTypCd value="002" Sync="TRUE"></GeoObjTypCd></geoObjTyp><geoObjCnt Sync="TRUE">0</geoObjCnt></geometObjs><topLvl><TopoLevCd value="001" Sync="TRUE"></TopoLevCd></topLvl></VectSpatRep></spatRepInfo><spdoinfo><ptvctinf><esriterm Name="UMH42"><efeatyp Sync="TRUE">Simple</efeatyp><efeageom code="4" Sync="TRUE"></efeageom><esritopo Sync="TRUE">FALSE</esritopo><efeacnt Sync="TRUE">0</efeacnt><spindex Sync="TRUE">TRUE</spindex><linrefer Sync="TRUE">FALSE</linrefer></esriterm></ptvctinf></spdoinfo><eainfo><detailed Name="UMH42"><enttyp><enttypl Sync="TRUE">UMH42</enttypl><enttypt Sync="TRUE">Feature Class</enttypt><enttypc Sync="TRUE">0</enttypc></enttyp><attr><attrlabl Sync="TRUE">OBJECTID</attrlabl><attalias Sync="TRUE">OBJECTID</attalias><attrtype Sync="TRUE">OID</attrtype><attwidth Sync="TRUE">4</attwidth><atprecis Sync="TRUE">0</atprecis><attscale Sync="TRUE">0</attscale><attrdef Sync="TRUE">Internal feature number.</attrdef><attrdefs Sync="TRUE">Esri</attrdefs><attrdomv><udom Sync="TRUE">Sequential unique whole numbers that are automatically generated.</udom></attrdomv></attr><attr><attrlabl Sync="TRUE">Shape</attrlabl><attalias Sync="TRUE">Shape</attalias><attrtype Sync="TRUE">Geometry</attrtype><attwidth Sync="TRUE">0</attwidth><atprecis Sync="TRUE">0</atprecis><attscale Sync="TRUE">0</attscale><attrdef Sync="TRUE">Feature geometry.</attrdef><attrdefs Sync="TRUE">Esri</attrdefs><attrdomv><udom Sync="TRUE">Coordinates defining the features.</udom></attrdomv></attr><attr><attrlabl Sync="TRUE">Company_Code</attrlabl><attalias Sync="TRUE">Company_Code</attalias><attrtype Sync="TRUE">String</attrtype><attwidth Sync="TRUE">10</attwidth><atprecis Sync="TRUE">0</atprecis><attscale Sync="TRUE">0</attscale></attr><attr><attrlabl Sync="TRUE">Company_Description</attrlabl><attalias Sync="TRUE">Company_Description</attalias><attrtype Sync="TRUE">String</attrtype><attwidth Sync="TRUE">75</attwidth><atprecis Sync="TRUE">0</atprecis><attscale Sync="TRUE">0</attscale></attr><attr><attrlabl Sync="TRUE">Shape_Length</attrlabl><attalias Sync="TRUE">Shape_Length</attalias><attrtype Sync="TRUE">Double</attrtype><attwidth Sync="TRUE">8</attwidth><atprecis Sync="TRUE">0</atprecis><attscale Sync="TRUE">0</attscale><attrdef Sync="TRUE">Length of feature in internal units.</attrdef><attrdefs Sync="TRUE">Esri</attrdefs><attrdomv><udom Sync="TRUE">Positive real numbers that are automatically generated.</udom></attrdomv></attr><attr><attrlabl Sync="TRUE">Shape_Area</attrlabl><attalias Sync="TRUE">Shape_Area</attalias><attrtype Sync="TRUE">Double</attrtype><attwidth Sync="TRUE">8</attwidth><atprecis Sync="TRUE">0</atprecis><attscale Sync="TRUE">0</attscale><attrdef Sync="TRUE">Area of feature in internal units squared.</attrdef><attrdefs Sync="TRUE">Esri</attrdefs><attrdomv><udom Sync="TRUE">Positive real numbers that are automatically generated.</udom></attrdomv></attr></detailed></eainfo><mdDateSt Sync="TRUE">20250228</mdDateSt><refSysInfo><RefSystem><refSysID><identCode code="4326" Sync="TRUE"></identCode><idCodeSpace Sync="TRUE">EPSG</idCodeSpace><idVersion Sync="TRUE">6.14(3.0.1)</idVersion></refSysID></RefSystem></refSysInfo></metadata>
